id_notizia;Titolo;Pubblicazione;Descrizione;Autore;Fonte;Link;Immagine;C_liked;C_disliked;C_shared
4;Nuovi vaccini anti-Covid, via libera dai  12 anni in su. Ecco chi potrà farli e quando;2022-09-07 19:15:58;Il ministero indica le categorie alle quali è consigliata un’altra dose da fare non prima di 120 giorni dall’ultima ricevuta. ;Margherita De Bac;Corriere;https://www.corriere.it/cronache/22_settembre_07/covid-nuovi-vaccini-ecco-chi-potra-farli-quando-consigliati-gravidanza-f8199b7e-2ec5-11ed-bf4a-00b229732663.shtml;https://images2.corriereobjects.it/methode_image/2022/09/07/Interni/Foto%20Interni%20-%20Trattate/43.0.2166512744-kGaC-U3370611663104qXC-656x492@Corriere-Web-Sezioni.JPG;1;0;0
5;Milano, incendio a San Giuliano Milanese alla Nitrolchimica: in fiamme migliaia di litri di solventi ;2022-09-07 18:55:05;Vasto incendio alla Nitrolchimica: al lavoro 20 squadre di pompieri. Due dipendenti ustionati, uno in pericolo di vita, un ferito e altre 15 persone soccorse sul posto. In fiamme solventi e rifiuti tossici. Arpa: «Il fumo si sta diradando»;Cesare Giuzzi;Corriere;https://milano.corriere.it/notizie/cronaca/22_settembre_07/milano-incendio-nitrolchimica-san-giuliano-fiamme-solventi-rifiuti-pericolosi-rischio-ambientale-rilevante-5fe900c4-2e8e-11ed-bf4a-00b229732663.shtml;https://images2-milano.corriereobjects.it/methode_image/2022/09/07/Milano/Foto%20Milano%20-%20Trattate/50778b9a-ee1a-4b2d-b247-701959d48c2f-kTHC-U33705932853253qG-656x492@Corriere-Web-Milano.jpg;0;0;0
6;Il discorso di Putin contro l’Italia (strangolata) e l’Europa, e il documento segreto del Cremlino sulla «decrescita grave»;2022-09-07 19:19:34;Ma il dollaro si apprezza continuamente, e l’export italiano è cresciuto del 22,4% sul 2021. E un documento segreto del Cremlino parla di «decrescita grave»;Fabrizio Dragosei;Corriere;https://www.corriere.it/esteri/22_settembre_07/vladimir-putin-discorso-russia-italia-be8e959c-2e90-11ed-bf4a-00b229732663.shtml;https://images2.corriereobjects.it/methode_image/2022/09/07/Esteri/Foto%20Esteri%20-%20Trattate/AFP_32HU6L3-k72C-U3370593849602AxB-656x492@Corriere-Web-Sezioni.jpg;0;0;0
7;L’intervista a Matteo Renzi in diretta: inviate le vostre domande;2022-09-07 19:11:30;IN vista del voto del 25 settembre, gli appuntamenti del Corriere della Sera in diretta video con i leader dei partiti: giovedì 8 settembre alle 12 c’è il leader di Italia Viva. Ecco come inviare la propria domanda;Redazione Online;Corriere;https://www.corriere.it/elezioni/22_settembre_07/intervista-matteo-renzi-diretta-domande-0cc6a9fc-2ec8-11ed-bf4a-00b229732663.shtml;https://images2.corriereobjects.it/methode_image/2022/09/07/Politica/Foto%20Politica%20-%20Trattate/19142548-kvAG-U3370610347416r0F-656x492@Corriere-Web-Sezioni.jpg;0;0;0
8;Elezioni 2022, «sanità ai margini della campagna elettorale»: il richiamo ai partiti di medici e Gimbe;2022-09-07 13:07:10;Cartabellotta: «Dalle coalizioni nessun piano per il rilancio del Ssn». E i sindacati dei camici bianchi chiedono «un fronte comune per difendere la sanità pubblica»;Carlotta De Leo;Corriere;https://www.corriere.it/politica/22_settembre_07/elezioni-2022-sanita-margini-campagna-elettorale-richiamo-partiti-medici-gimbe-66fefe7e-2e7d-11ed-bf4a-00b229732663.shtml;https://images2.corriereobjects.it/methode_image/2022/09/07/Politica/Foto%20Politica%20-%20Trattate/335.0.1744734145-k0WE-U3370587319793E2F-656x492@Corriere-Web-Sezioni.jpg;0;0;0
9;Bollette, dal condizionatore al frigo:   gli elettrodomestici che consumano di più Risparmio dei consumi, le nuove regole pdf;2022-09-07 19:18:27;Dai 142 euro all’anno per il frigorifero ai 232 per il condizionatore: un’indagine condotta dal portale Facile.it stima la spesa sostenuta per il funzionamento e il grado di affezione degli italiani ai principali elettrodomestici ;Marco Sabella;Corriere;https://www.corriere.it/economia/consumi/cards/bollette-frigo-condizionatore-quanto-costano-elettrodomestici-irrinunciabili/bolletta-la-famiglia-tipo-spesa-776-euro-8-mesi_principale.shtml;https://images2.corriereobjects.it/methode_image/2022/09/01/Economia/Foto%20Economia%20-%20Trattate/18717674-k5dC-U3370331754901kyB-656x492@Corriere-Web-Sezioni.jpg;0;0;0
10; «Giallo»: «Annamaria Franzoni è ritornata a Ferragosto nella villa di Cogne dove uccise il figlio Samuele»;2022-09-07 17:43:38;La donna, libera dopo aver scontato la pena, è tornata nella sua casa dove, il 30 gennaio del 2002, uccise il piccolo di 3 anni. «Giallo», in edicola domani, pubblica le foto in esclusiva di Franzoni che ha sempre negato di aver commesso l’infanticidio ;Redazione Cronache;Corriere;https://www.corriere.it/cronache/22_settembre_07/giallo-annamaria-franzoni-ritornata-ferragosto-villa-cogne-dove-uccise-figlio-samuele-b8f41006-2e9c-11ed-bf4a-00b229732663.shtml;https://images2.corriereobjects.it/methode_image/2022/09/07/Interni/Foto%20Interni%20-%20Trattate/foto%20Franzoni-klYH-U3370598614085A4B-656x492@Corriere-Web-Sezioni.jpg;0;0;0
11;Mozambico, suora italiana morta nell’attentato in una missione;2022-09-07 17:30:18;L’attentato a Chipene, nel nord del Paese: suor Maria è stata uccisa, due sacerdoti friulani sono sopravvissuti. Padre Zanotelli: «È stata colpita a bruciapelo dai jihadisti» ;Redazione online;Corriere;https://www.corriere.it/cronache/22_settembre_07/mozambico-suora-morta-attentato-16efa61c-2e8d-11ed-bf4a-00b229732663.shtml;https://images2.corriereobjects.it/methode_image/2022/09/07/Interni/Foto%20Interni%20-%20Trattate/294012546_1182048145911281_6371239807557757496_n-kVKD-U3370588173076IMB-656x492@Corriere-Web-Sezioni.jpg;0;0;0
12;L’incendio della Torre  dei Moro: edificio non ignifugo per risparmiare  1 euro al mq sugli isolanti ;2022-09-07 18:58:35;Sono 18 gli indagati per disastro colposo. Utilizzati pannelli di tipo Larsen PE senza alcuna valida classificazione al fuoco e anzi ultracombustibile e micidiale nel trasformare in una torcia il 29 agosto 2021 le 14 tonnellate di rivestimento del grattacielo  ;Luigi Ferrarella;Corriere;https://milano.corriere.it/notizie/cronaca/22_settembre_07/via-antonini-torre-fiamme-risparmiare-1-euro-metro-quadro-isolanti-5771e3ce-2e94-11ed-bf4a-00b229732663.shtml;https://images2-milano.corriereobjects.it/methode_image/2022/09/07/Milano/Foto%20Milano%20-%20Trattate/17380865-kFcD-U32901069696808DS-656x492@Corriere-Web-Milano-kedF-U33705956324785GE-656x492@Corriere-Web-Milano.jpg;0;0;0
13;Incendio nell’ospedale Pietra Ligure: fermato un sospetto, è uno straniero senza fissa dimora ;2022-09-07 18:57:04;Il rogo era divampato fra le corsie della struttura sanitaria del Savonese. Era stato necessario evacuare 85 persone, fra cui una decina di intossicati fra cui tre gravi;Redazione cronache;Corriere;https://www.corriere.it/cronache/22_settembre_07/incendio-ospedale-pietra-ligure-fermano-sospetto-straniero-senza-fissa-dimora-16273d2e-2ec6-11ed-bf4a-00b229732663.shtml;https://images2.corriereobjects.it/methode_image/2022/09/07/Interni/Foto%20Interni%20-%20Trattate/twitter-kNMB-U3370605315187Np-656x492@Corriere-Web-Sezioni.jpg;0;0;0
14;Hugh Jackman padre imperfetto in «The Son»: «Non rinnego i supereroi, ma preferisco i personaggi veri»;2022-09-07 18:21:36;L’ex Wolverine è un genitore alle prese con la malattia mentale del figlio: «Questo film mi ha cambiato, come uomo e come attore»;Valerio Cappelli, inviato a Venezia;Corriere;https://www.corriere.it/spettacoli/mostra-del-cinema-venezia/notizie/hugh-jackman-padre-imperfetto-the-son-non-rinnego-supereroi-ma-preferisco-personaggi-veri-246f0222-2ebc-11ed-bf4a-00b229732663.shtml;https://images2.corriereobjects.it/methode_image/2022/09/07/Spettacoli/Foto%20Spettacoli%20-%20Trattate/LAPR0594-kSKH-U33706080428096QC-656x492@Corriere-Web-Sezioni.JPG;0;0;0
15;Gerini imbronciata (6+), Bodi supera Wanda Osiris (5) I voti allo stile ;2022-09-07 15:30:28;Dal total white del giorno prima al total black di oggi. Così il red carpet veneziano. Con una spolverata di esagerazioni che fanno anche colore locale. E pure qualche scollatura vertiginosa;Gian Luca Bauzano;Corriere;https://www.corriere.it/moda/cards/festival-cinema-tilda-swinton-senza-tempo-9-manda-lear-vestaglia-4-accorsi-sbilanciati-6/tilda-swinton-atemporale-9_principale.shtml;https://images2.corriereobjects.it/methode_image/2022/09/06/Moda/Foto%20Moda%20-%20Trattate/mod-obb-kCJB-U3370541591961cHD-656x492@Corriere-Web-Sezioni.jpg;0;0;0
16;Le pagelle del Mereghetti. Gianni Amelio: il suo ritratto di un’Italia bigotta è da 8;2022-09-07 15:24:14;Il regista mostra i pugni e lo fa con rabbia e determinazione in «Il signore delle formiche»;;Corriere;https://www.corriere.it/spettacoli/mostra-del-cinema-venezia/notizie/01-spettacoli-box5testocorriere-web-sezioni-812b3560-2e05-11ed-aea6-eaa2f969967c.shtml;https://images2.corriereobjects.it/methode_image/2022/09/07/Spettacoli/Foto%20Spettacoli%20-%20Trattate/7148-k10E-U3370558089667ugD-656x492@Corriere-Web-Sezioni.jpg;0;0;0
17;«Saint-Omer» di Alice Diop, regista esordiente: «Le mie riflessioni sulla maternità in un caso di cronaca nera» ;2022-09-07 17:00:17;Francese, originaria del Senegal, nel suo primo film di finzione si è ispirata anche alla «Medea» di Pasolini;Stefania Ulivi, inviata a Venezia;Corriere;https://www.corriere.it/spettacoli/mostra-del-cinema-venezia/notizie/saint-omer-alice-diop-regista-esordiente-le-mie-riflessioni-maternita-un-caso-cronaca-nera-c1fb1ed0-2eb8-11ed-bf4a-00b229732663.shtml;https://images2.corriereobjects.it/methode_image/2022/09/07/Spettacoli/Foto%20Spettacoli%20-%20Trattate/4637484d297a40ca9895db9b616e2ecd--1--93ea5c85147241d18134178beb94c868-k4-U3370606468560g7H-656x492@Corriere-Web-Sezioni.jpg;0;0;0
18;La moglie di Tinto Brass:  «Io l’ho reso più pudico,  le attrici dei suoi film  sono quasi tutte sparite»;2022-09-07 08:33:54;La moglie del regista, sposata nel 2017: «Gli dicevo che a me il sesso non importava, gli ho fatto accettare un amore non sessualizzato»;Andrea Pasqualetto;Corriere;https://www.corriere.it/cronache/22_settembre_07/tinto-brass-caterina-varzi-intervista-1ff073fa-2e19-11ed-aea6-eaa2f969967c.shtml;https://images2.corriereobjects.it/methode_image/2022/09/06/Interni/Foto%20Interni%20-%20Trattate/1-494x516@Corriere-Print-kxqH-U33705642125416qF-656x492@Corriere-Web-Sezioni.jpg;0;0;0
19;Wartsila va avanti con i licenziamenti ma promette la reindustrializzazione;2022-09-07 18:30:27;È quanto avrebbe detto il ceo del gruppo finlandese, Hakan Agnevall, nel corso del tavolo al Mise, assicurando la disponibilità ad inviare ai sindacati, il 12 settembre, «un piano di mitigazione degli effetti occupazionali» grazie alla reindustrializzazione ;Redazione Economia;Corriere;https://www.corriere.it/economia/lavoro/22_settembre_07/wartsila-va-avanti-licenziamenti-ma-promette-reindustrializzazione-ee9090ce-2eb3-11ed-bf4a-00b229732663.shtml;https://images2.corriereobjects.it/methode_image/2022/09/07/Economia/Foto%20Economia%20-%20Trattate/wartsila-k7JF-U3360339455024DgC-656x492@Corriere-Web-Sezioni-koPI-U3370604941924JMI-656x492@Corriere-Web-Nazionale.jpg;0;0;0
20;Lo choc energetico? Dalla Cina all’India, ecco chi soffia sui prezzi di gas e petrolio;2022-09-07 08:54:44;Le sette sorelle di cui parlava Mattei non sono più un centro di potere. Dal gigante Saudi Aramco alla russa Rosneft, il destino energetico del mondo si gioca in Cina, Russia, India e nei Paesi emergenti. E tutto è iniziato ben prima della guerra in Ucraina;Federico Rampini;Corriere;https://www.corriere.it/economia/opinioni/22_settembre_07/gas-petrolio-cina-all-india-ecco-chi-soffia-prezzi-dell-energia-df40091a-2da5-11ed-aea6-eaa2f969967c.shtml;https://images2.corriereobjects.it/methode_image/2022/09/06/Economia/Foto%20Economia%20-%20Trattate/44.0.2094712864-kDYC-U3370529997562HG-656x492@Corriere-Web-Sezioni.jpg;0;0;0
21;Ritorno al carbone: ecco le centrali che produrranno alla massima potenza;2022-09-07 16:38:28;La strategia italiana per risparmiare gas segue due vie: quella del decreto Aiuti ter per aiutare famiglie e imprese e quella di riattivare a pieno regime le centrali a carbone e a olio. Da Brindisi a Civitavecchia, da Fusina a Porto Vesme fino a Fiumesanto e Monfalcone, ecco quali sono;Alessia Conzonato;Corriere;https://www.corriere.it/economia/consumi/cards/ritorno-carbone-ecco-centrali-che-produrranno-massima-potenza/via-libera-centrali-carbone-olio_principale.shtml;https://images2.corriereobjects.it/methode_image/2022/09/07/Economia/Foto%20Economia%20-%20Trattate/br-kAkD-U33705929735961dG-656x492@Corriere-Web-Sezioni.jpg;0;0;0
22;Fotovoltaico, c’è il modello semplificato: quanto costa e come funziona l’impianto ;2022-09-06 16:06:40;In tempo di crisi del gas e corsa alle rinnovabili gli impianti fotovoltaici rappresentano una soluzione ricercata in quanto consentono di produrre energia elettrica sfruttando la luce del sole. Ecco cosa sapere sui costi e il funzionamento dei pannelli solari;Diana Cavalcoli;Corriere;https://www.corriere.it/economia/consumi/cards/fotovoltaico-arriva-modello-semplificato-quanto-costano-come-funzionano-impianti/fotovoltaico-impianti-oggi_principale.shtml;https://images2.corriereobjects.it/methode_image/2022/09/01/Economia/Foto%20Economia%20-%20Trattate/GettyImages-114338035-kEAG-U3370318324386x-656x492@Corriere-Web-Sezioni.jpg;0;0;0
23;Se il riscatto della laurea non anticipa la pensione: ecco quando non conviene;2022-09-06 16:09:05;;Massimo Fracaro;Corriere;https://www.corriere.it/pensioni-investimenti-risparmi-esperto-risponde/06-09-2022/index.shtml;https://images2.corriereobjects.it/methode_image/2022/09/05/Economia/Foto%20Economia%20-%20Trattate/MILANO_20100705_CORECO_14_1_0-kAmF-U43290917671022zu-656x492@Corriere-Web.jpg;0;0;0
24;L acrobazia mozzafiato di Tom Cruise per promuovere «Mission Impossible»;2022-09-07 17:09:21;L’attore in bilico su un biplano si rivolge al pubblico invitandolo ad andare a vedere i nuovi film della saga;;Corriere;https://video.corriere.it/spettacoli/acrobazia-mozzafiato-tom-cruise-promuovere-mission-impossible/a34087b6-2ebb-11ed-bf4a-00b229732663;https://images2.corriereobjects.it/methode_image/Video/2022/09/07/Spettacoli/Foto%20Spettacoli%20-%20Trattate/tom-kwjH--656x492@Corriere-Web-Nazionale.jpg;0;0;0
25;Crozza nei panni di Meloni: «Mo’ che ce staccano er gas me tocca de governà?»;2022-09-07 13:25:40;Il comico imita per la prima volta la leader di Fratelli d’Italia;;Corriere;https://video.corriere.it/spettacoli/crozza-panni-letta-meloni-mo-che-ce-staccano-er-gas-me-tocca-de-governa/0083c05a-2e17-11ed-aea6-eaa2f969967c;https://images2.corriereobjects.it/methode_image/Video/2022/09/06/Spettacoli/Foto%20Spettacoli%20-%20Trattate/meloni%20crozza-U43010618074341mOG--656x492@Corriere-Web-Nazionale.PNG;0;0;0
26;Venezia79, l’assalto a Francesca Chillemi e Can Yaman: «La bellezza un dono di Dio, ma abbiamo altro»;2022-09-07 18:05:43;I due attori protagonisti del red carpet al Lido, ma le forze dellordine fanno da scorta;;Corriere;https://video.corriere.it/venezia79-l-assalto-francesca-chillemi-can-yaman-la-bellezza-dono-dio-ma-abbiamo-altro/a9ba6344-2e04-11ed-aea6-eaa2f969967c;https://images2.corriereobjects.it/methode_image/Video/2022/09/06/Spettacoli/Foto%20Spettacoli%20-%20Trattate/v-kj3C--656x492@Corriere-Web-Nazionale.JPG;0;0;0
27;«Napoli pericolosa?», la lezione di Klopp in conferenza stampa;2022-09-07 10:55:36;L’allenatore del Liverpool contro un giornalista: «Questa domanda è imbarazzante, lei sta cercando solo un titolo»;;Corriere;https://video.corriere.it/sport/calcio/napoli-pericolosa-lezione-klopp-conferenza-stampa/3b7f24e4-2e7e-11ed-bf4a-00b229732663;https://images2.corriereobjects.it/methode_image/Video/2022/09/07/Sport/Foto%20Sport%20-%20Trattate/kloppnapoli_656_ori_crop_MASTER__0x0.jpg;0;0;0
28;Bimbo vestito da Superman irrompe durante il comizio del presidente cileno ;2022-09-07 12:10:57;Il fuoriprogramma mentre Gabriel Boric stava tenendo un discorso su una nuova Costituzione che i cileni sono stati chiamati a votare ;;Corriere;https://video.corriere.it/esteri/bimbo-vestito-superman-irrompe-il-comizio-presidente-cileno/019050c4-2e78-11ed-bf4a-00b229732663;https://images2.corriereobjects.it/methode_image/Video/2022/09/07/Esteri/Foto%20Esteri%20-%20Trattate/Bimbo%20Superman%20presidente%20cile-kJ0H--656x492@Corriere-Web-Nazionale.PNG;0;0;0
29;Psg-Juventus: versi della scimmia e saluti nazisti, arrestati quattro tifosi italiani;2022-09-07 18:04:48;Sono stati individuati tramite alcuni video diventati virali sui social network;;Corriere;https://video.corriere.it/sport/psg-juventus-versi-scimmia-saluti-nazisti-arrestati-quattro-tifosi-italiani/30ead326-2ec3-11ed-bf4a-00b229732663;https://images2.corriereobjects.it/methode_image/Video/2022/09/07/Sport/Foto%20Sport%20-%20Trattate/psgjuventus_versi_della_scimmia_e_saluti_nazisti_arrestati_quattro_tifosi_italiani210589_656_ori_crop_MASTER__0x0.jpg;0;0;0
30;Tumori di testa e collo, riconoscere i primi sintomi fa la differenza;2022-09-06 12:09:07;Con una diagnosi precoce il tasso di sopravvivenza arriva anche al 90%. Dal 19 al 23 settembre 120 centri offrono gratuitamente visite ed esami. Ecco i sintomi da non ignorare (se durano oltre tre settimane);Cristina Marrone;Corriere;https://www.corriere.it/salute/sportello_cancro/22_settembre_06/tumori-testa-collo-riconoscere-primi-sintomi-fa-differenza-84cff0ee-2dbe-11ed-aea6-eaa2f969967c.shtml;https://images2.corriereobjects.it/methode_image/2022/09/06/Salute/Foto%20Salute%20-%20Trattate/GettyImages-1336160356-kXXF-U33705350284781SD-656x492@Corriere-Web-Sezioni.jpg;0;0;0
31;La crema solare va messa anche sul collo: la foto choc che fa da promemoria;2022-09-07 10:28:17;L’immagine diventata virale e postata su Twitter da un dermatologo americano rilancia l’importanza di utilizzare creme solari su tutto il corpo per prevenire l’invecchiamento cutaneo e i tumori;Cristina Marrone;Corriere;https://www.corriere.it/salute/sportello_cancro/22_settembre_07/crema-solare-su-collo-5d737d34-2de8-11ed-aea6-eaa2f969967c.shtml;https://images2.corriereobjects.it/methode_image/2022/09/06/Salute/Foto%20Salute%20-%20Trattate/pelle-obb-k1GF-U3370553518174qWD-656x492@Corriere-Web-Sezioni.jpg;0;0;0
32;Meteo, le previsioni di giovedì 8 settembre: temporali al Centro-Nord, allerta arancione in Lombardia e Veneto, grande caldo al Sud;2022-09-07 17:27:37;Fino a 38 gradi in Sicilia: bollino arancione a Palermo. Nonostante i rovesci delle ultime settimane, resta critica la siccità in Lombardia e Piemonte;Redazione Cronache;Corriere;https://www.corriere.it/meteo/22_settembre_07/meteo-previsioni-giovedi-8-settembre-temporali-centro-nord-allerta-arancione-lombardia-veneto-grande-caldo-sud-10676252-2eb1-11ed-bf4a-00b229732663.shtml;https://images2.corriereobjects.it/methode_image/2022/09/07/Interni/Foto%20Interni%20-%20Trattate/18976074-kZLB-U3370604921152TjH-656x492@Corriere-Web-Sezioni.jpg;0;0;0
33;Test di Medicina 2022, da Corrado il Salico  al Def. Ecco tutte le domande e le risposte;2022-09-07 08:30:24;La graduatoria uscirà a metà mese. Il punteggio massimo è 90. È l’ultimo concorsone con le domande di cultura generale. Sessantacinquemila iscritti per quindicimila posti;Redazione Università;Corriere;https://www.corriere.it/scuola/rientro-a-scuola/notizie/test-medicina-2022-corrado-salico-def-ecco-tutte-domande-risposte-a673a9bc-2dea-11ed-aea6-eaa2f969967c.shtml;https://images2.corriereobjects.it/methode_image/2022/09/06/Cultura/Foto%20Cultura%20-%20Trattate/19140166-kacH-U3370549676589d0B-656x492@Corriere-Web-Sezioni.jpg;0;0;0
34;L’arte di perdere  e andare al governo;2022-09-07 00:58:02;;Aldo Cazzullo;Corriere;https://www.corriere.it/lodicoalcorriere/index/06-09-2022/index.shtml;https://images2.corriereobjects.it/methode_image/Cassetto%20Redazionale/Nazionale/Media/Rubriche%20Immagini/Placeholder/lodicoacorriere_656x492.jpg;0;0;0
35;Mihajlovic esonerato dal Bologna, De Zerbi rifiuta di sostituirlo: solo se si fosse dimesso;2022-09-07 16:46:25;Il club rossoblù ha esonerato Sinisa dopo quattro anni. Il patron Saputo: «La decisione più difficile da quando sono presidente del Bologna. Ma si è resa inevitabile»;;Corriere;https://www.corriere.it/sport/calcio/22_settembre_07/mihajlovic-esonerato-bologna-de-zerbi-rifiuta-f1587b86-2e28-11ed-aea6-eaa2f969967c.shtml;https://images2.corriereobjects.it/methode_image/2022/09/06/Sport/Foto%20Sport%20-%20Trattate/de%20zerbi%20combo-kjOF-U3370575618196XGE-656x492@Corriere-Web-Sezioni.jpg;0;0;0
36;Ferrari gialla per il Gp di Monza: livrea speciale per la gara di casa in omaggio a Modena;2022-09-07 17:22:46;È un modo, nell’anno del 75esimo anniversario, di ricordare le origini del Cavallino Rampante. Tutte gialle per Leclerc e Sainz;Daniele Sparisci;Corriere;https://www.corriere.it/sport/formula-1/22_settembre_07/ferrari-gialla-gp-monza-livrea-898ed6a2-2eb0-11ed-bf4a-00b229732663.shtml;https://images2.corriereobjects.it/methode_image/2022/09/07/Sport/Foto%20Sport%20-%20Trattate/SF_CAR28-kBRG-U3370604230863NqC-656x492@Corriere-Web-Sezioni.jpg;0;0;0
37;Cene, moda, figli e sostenibilità: la seconda stagione della «Milanese» ;2022-09-06 22:37:23;Riprende il racconto in audio di Michela Proietti sul personaggio a cui ha dedicato due libri: sei puntate nuove, una ogni mercoledì, con chef, influencer, donne di potere e molti altri ospiti. Il primo episodio è sui figli della Milanese;Francesco Giambertone;Corriere;https://www.corriere.it/cronache/22_settembre_06/cene-moda-figli-sostenibilita-seconda-stagione-milanese-d695cd92-2de9-11ed-aea6-eaa2f969967c.shtml;https://images2.corriereobjects.it/methode_image/2022/09/06/Interni/Foto%20Interni%20-%20Trattate/LAMILANESE_obb_656x492%202%20STAGIONE-ksnG-U3370553896773kl-656x492@Corriere-Web-Sezioni.png;0;0;0
38;Paola Cortellesi: «Laura Pausini non mi molla più. La nostra amicizia nata per via del nome delle nostre figlie»;2022-09-07 15:30:23;Nellintervista sul settimanale «F» lattrice racconta: «Io ho chiamato mia figlia Laura e lei ha chiamato la figlia Paola, come me. Quando la cantante lo ha scoperto mi ha voluto conoscere» ;Redazione Online;Corriere;https://www.corriere.it/spettacoli/22_settembre_07/paola-cortellesi-laura-pausini-non-mi-molla-piu-nostra-amicizia-nata-via-nome-nostre-figlie-7b79dd58-2e9e-11ed-bf4a-00b229732663.shtml;https://images2.corriereobjects.it/methode_image/2022/09/07/Spettacoli/Foto%20Spettacoli%20-%20Trattate/4318.0.603473894-kGjG-U3370599375312GIE-656x492@Corriere-Web-Sezioni.jpg;0;0;0
39;Il desiderio di cibi grassi è guidato da una connessione intestino-cervello ;2022-09-07 18:21:45;Nuove possibilità per combattere l’obesità: alcune cellule dell’intestino mandano al cervello un segnale che è stato inibito da un farmaco. I cibi grassi creano «dipendenza»;Daniela Natali;Corriere;https://www.corriere.it/salute/nutrizione/22_settembre_07/desiderio-cibi-grassi-connessione-intestino-cervello-c4c7460a-2d34-11ed-82e8-8adda605a86c.shtml;https://images2.corriereobjects.it/methode_image/2022/09/05/Salute/Foto%20Salute%20-%20Trattate/gettyimages-13325595841-kdd-u3370509639546lph-656x492corriere-web-sezioni_master_ori_crop_MASTER__0x0.jpg;0;0;0
40;Marco Bizzarri, presidente e ad di Gucci: «Scelsi Alessandro Michele: creò la collezione in cinque giorni»;2022-09-07 15:13:53;L’imprenditore: «A 13 anni voleva prendermi l’Inter, poi capitai in classe con Bottura. Scoprii che il nuovo direttore creativo ce l’avevamo in casa. Puntò sul gender fluid, quasi senza distinzione tra uomo e donna: un rischio pazzesco»;Aldo Cazzullo;Corriere;https://www.corriere.it/cronache/22_settembre_07/marco-bizzarri-intervista-8f474526-2e19-11ed-aea6-eaa2f969967c.shtml;https://images2.corriereobjects.it/methode_image/2022/09/06/Interni/Foto%20Interni%20-%20Trattate/marcobizzarrialessandromichele-kumg-u3370558929061dfh-656x492corriere-web-sezioni_master_ori_crop_MASTER__0x0.jpg;0;0;0
41;Tuchel esonerato dal Chelsea dopo la sconfitta in Champions con la Dinamo Zagabria;2022-09-07 17:41:22;Fatale la sconfitta in Champions contro la Dinamo Zagabria  il club inglese ha deciso di sostituire l’allenatore. Graham Potter il favorito;Simone Golia - Redazione gianlucadimarzio.com;Corriere;https://www.corriere.it/sport/calcio/champions-league/22_settembre_07/tuchel-esonerato-chelsea-b8dd0c6c-2e8d-11ed-bf4a-00b229732663.shtml;https://images2.corriereobjects.it/methode_image/2022/09/07/Sport/Foto%20Sport%20-%20Trattate/1421356707-kSaH-U3370593130294jPI-656x492@Corriere-Web-Sezioni.jpg;0;0;0
42;«Bisio, marito mancatoConti sempre perfetto»;2022-09-07 14:28:34; Incontrada giudica i colleghi:  «Intesa con SianiLa  mia popolarità? Per natura amo stare in disparte»;Renato Franco;Corriere;https://www.corriere.it/spettacoli/22_settembre_07/bisio-marito-mancatoconti-sempre-perfetto-ba23de1c-2df1-11ed-aea6-eaa2f969967c.shtml;https://images2.corriereobjects.it/methode_image/2022/09/07/Spettacoli/Foto%20Spettacoli%20-%20Trattate/0188_GDZ_6749Frev01-kUVH-U3370552062734wOB-656x492@Corriere-Web-Sezioni.jpg;0;0;0
43;Stromboli, la rinascita tra scienza e ignoto con la festa «Opere magiche»;2022-09-07 18:18:05;Dal 17 al 19 settembre, l’isola del vulcano prova a mettersi alle spalle un’estate tormentata (tra incendi e alluvione), con il primo festival «Opere magiche Stromboli», festa del pensiero magico. Un confronto tra arte, scienza e futuro nelle carte;Peppe Aquaro;Corriere;https://www.corriere.it/cronache/22_settembre_07/stromboli-rinascita-scienza-ignoto-la-festa-opere-magiche-7c5209e8-2ec2-11ed-bf4a-00b229732663.shtml;https://images2.corriereobjects.it/methode_image/2022/09/07/Interni/Foto%20Interni%20-%20Trattate/media-k1B--656x492@Corriere-Web-Sezioni.jpg;0;0;0
44;Linguine «alla pezzente», la ricetta della pasta al pesce che costa quasi 5 euro;2022-09-07 18:10:05;Le linguine alla pezzente sono un piatto povero e sostanzioso, tipico di Conca dei Marini (Costiera Amalfitana), uno dei borghi più piccoli e più belli d’Italia;Fabiana Salsi;Corriere;https://www.corriere.it/cook/news/cards/linguine-alla-pezzente-ricetta-pasta-pesce-che-costa-quasi-5-euro/piatto-semplice_principale.shtml;https://images2.corriereobjects.it/methode_image/2022/08/24/Cucina/Foto%20Cucina%20-%20Trattate/linguine%20povera-kBMD--656x492@Corriere-Web-Sezioni.jpg;0;0;0
45;Mantova, 19enne dà gas alla Ferrari durante il raduno di auto: perde il controllo e si schianta;2022-09-07 18:51:24;Il ragazzo ha schiacciato sull’acceleratore per farsi notare all’evento a Bagnolo San Vito, ma gli è andata male: il bolide è salito sul marciapiede ed è finito contro un albero. Il video è diventato virale sui social;Giovanni Bernardi;Corriere;https://milano.corriere.it/notizie/lombardia/22_settembre_07/mantova-19enne-da-gas-ferrari-il-raduno-auto-perde-controllo-si-schianta-3cd434f4-2ec6-11ed-bf4a-00b229732663.shtml;https://images2-milano.corriereobjects.it/methode_image/2022/09/07/Milano/Foto%20Milano%20-%20Trattate/comboferrari1-ke6-U3370611902489C5G-656x492@Corriere-Web-Milano.jpg;0;0;0
46; Mantova, quattro ragazzi si schiantano con l’auto contro una casa, poi vanno in discoteca;2022-09-07 17:40:55;Sabato notte il sorpasso azzardato, l’urto contro il guard rail e il testacoda. I giovani, come se niente fosse, hanno abbandonato la Honda Civic distrutta e sono andati a ballare. Rintracciato il conducente: dovrà pagare i danni;Giovanni Vigna;Corriere;https://milano.corriere.it/notizie/lombardia/22_settembre_07/mantova-quattro-ragazzi-si-schiantano-l-auto-contro-casa-poi-vanno-discoteca-67d9de70-2ec0-11ed-bf4a-00b229732663.shtml;https://images2-milano.corriereobjects.it/methode_image/2022/09/07/Milano/Foto%20Milano%20-%20Trattate/automuro-k60G-U3370609780191G6C-656x492@Corriere-Web-Milano.jpg;0;0;0
47;Gran Premio di Monza: come si arriva, dove parcheggiare, biglietti e prenotazioni e app;2022-09-07 18:44:24;«Move to Gp» è l’app novità del piano mobilità messo a punto da Monza Mobilità. Prima di mettersi in auto basta prenotare parcheggio e navetta dal proprio smartphone;Rosella Redaelli;Corriere;https://milano.corriere.it/notizie/lombardia/22_settembre_07/gran-premio-monza-come-si-arriva-dove-parcheggiare-biglietti-prenotazioni-sull-app-092269d8-2e7a-11ed-bf4a-00b229732663.shtml;https://images2-milano.corriereobjects.it/methode_image/2022/09/07/Milano/Foto%20Milano%20-%20Trattate/42.0.1153996657-kaxH-U3370586263943M0E-656x492@Corriere-Web-Milano.jpg;0;0;0
48;Affacciati alla finestra;2022-09-07 17:39:53;;Laura Vincenti;Corriere;https://milano.corriere.it/notizie/cronaca/22_settembre_07/null-d5eb84f6-2e6e-11ed-bf4a-00b229732663.shtml;https://images2.corriereobjects.it/methode_image/2022/09/07/Milano/Foto%20Milano%20-%20Trattate/1913857236-krdG-U33705610905596NE-656x492@Corriere-Web-Milano.jpg;0;0;0
49;Stazione Termini, il barista di via Giolitti: «Troppo pericoloso, chiudo alle 17»;2022-09-07 09:28:58;Il degrado stringe in una morsa la zona intorno allo scalo ferroviario e i commercianti della zona hanno paura;Camilla Palladino;Corriere;https://roma.corriere.it/notizie/cronaca/22_settembre_07/stazione-termini-barista-via-giolitti-troppo-pericoloso-chiudo-17-e572ca40-2e6b-11ed-bf4a-00b229732663.shtml;https://images2-roma.corriereobjects.it/methode_image/2022/09/07/Roma/Foto%20Roma%20-%20Trattate/19142626-kK4B-U3370581512114wSG-656x492@Corriere-Web-Roma.jpg;0;0;0
50;Vespa orientalis, interventi anche in Vaticano. «Nidi sotto i tetti antichi»;2022-09-07 16:48:21;Continuano le chiamate, più di 350 al giorno, al numero verde 800854854 della Protezione Civile messo a disposizione dal Campidoglio «Ma per le abitazioni private bisogna chiamare le ditte specializzate». L’etologo Lunerti. «Due interventi in Vaticano»;Manuela Pelati;Corriere;https://roma.corriere.it/notizie/cronaca/22_settembre_07/vespa-orientalis-interventi-anche-vaticano-nidi-sotto-tetti-antichi-ee0eba36-2e8b-11ed-bf4a-00b229732663.shtml;https://images2-roma.corriereobjects.it/methode_image/2022/09/07/Roma/Foto%20Roma%20-%20Trattate/vespe4-kWXH-U3370592369492zeC-656x492@Corriere-Web-Roma.JPG;0;0;0
51;Ilary Blasi: il segno della vittoria e l’enigmatica foto dell’hotel De Russie;2022-09-07 12:11:57;La conduttrice tv si mostra ancora una volta serena su Instagram all’inzio della settimana decisiva per la separazione da Francesco Totti: sceglieranno la consensuale o si va alla battaglia legale?;;Corriere;https://video.corriere.it/ilary-blasi-abito-bianco-fa-segno-vittoria/70f1142a-2e74-11ed-bf4a-00b229732663;https://images2-roma.corriereobjects.it/methode_image/Video/2022/09/07/Roma/Foto%20Roma%20-%20Trattate/304762048_466339958544719_1998308676084410508_n1-kosh--656x492corriere-web-roma_master_ori_crop_MASTER__0x0.jpg;0;0;0
52;Nuoto: Simona Quadarella, dai successi in piscina alle vacanze con foto da top model;2022-09-06 10:52:49;L’atleta romana, dopo i successi in piscina agli Europei di Roma, si è concessa una vacanza prima in Grecia, poi all’Argentario.;;Corriere;https://video.corriere.it/nuoto-simona-quadarella-successi-piscina-vacanze-foto-top-model/0dbc34da-2dba-11ed-aea6-eaa2f969967c;https://images2-roma.corriereobjects.it/methode_image/Video/2022/09/06/Roma/Foto%20Roma%20-%20Trattate/quadarella_vacanze_656_ori_crop_MASTER__0x0.jpg;0;0;0
53;Omicidio di Fatmir Ara, un operaio 30enne incensurato confessa: «L’ho ucciso io»;2022-09-07 14:21:23;Dopo  17 ore di interrogatorio l’uomo ha ammesso di fronte al pm Elena Parato di essere l’autore dell’omicidio dell’impresario edile ritrovato morto in un campo di San Carlo Canavese;Massimo Massenzio;Corriere;https://torino.corriere.it/cronaca/22_settembre_07/omicidio-fatmir-ara-fermato-30enne-sequestrato-fucile-c665b5b4-2e74-11ed-bf4a-00b229732663.shtml;https://images2-torino.corriereobjects.it/methode_image/2022/09/07/Torino/Foto%20Torino%20-%20Trattate/1amir_ori_crop_MASTER__0x0.jpeg;0;0;0
54;Guido Carli veterano dei test di Medicina sostiene la prova (per la sesta volta). E quest’anno con sua figlia;2022-09-07 10:21:16;Dopo aver visto tante volte il padre provare ad accedere al corso, ha deciso di iscriversi perché sogna di diventare un medico. Lui: «Sarebbe una bella rivincita»;Paolo Coccorese;Corriere;https://torino.corriere.it/cronaca/22_settembre_06/torino-guido-carli-veterano-test-medicina-sostiene-prova-per-sesta-volta-quest-anno-sua-figlia-79ddd380-2dd8-11ed-aea6-eaa2f969967c.shtml;https://images2-torino.corriereobjects.it/methode_image/2022/09/06/Torino/Foto%20Torino%20-%20Trattate/guido-kmsG-U3370548944487rWD-656x492@Corriere-Web-Torino.JPG;0;0;0
55;Paul Pogba, parla l’ortopedico che l’ha operato: «Tornerà in due mesi»;2022-09-07 14:22:47;L’intervento eseguito al Mauriziano dal professor Rossi: «Tutto ok, ora dipenderà dal recupero. Tardi? Un paziente deve essere convinto della terapia»;Massimiliano Nerozzi;Corriere;https://torino.corriere.it/sport/juventus/22_settembre_06/pogba-torna-due-mesi-d2550978-2e2a-11ed-aea6-eaa2f969967c.shtml;https://images2-torino.corriereobjects.it/methode_image/2022/09/06/Torino/Foto%20Torino%20-%20Trattate/19598375_medium-U31601854676829cJF-U33705765756679MH-656x492@Corriere-Web-Torino.jpg;0;0;0
56;Dalla Chiesa, un Frecciarossa dedicato al generale ucciso dalla mafia 40 anni fa;2022-09-07 18:27:15;Una sua frase e il suo volto viaggeranno fino al 31 ottobre sulla tratta ferroviaria Torino-Reggio Calabria;Redazione online;Corriere;https://torino.corriere.it/cronaca/22_settembre_07/dalla-chiesa-frecciarossa-dedicato-generale-ucciso-mafia-40-anni-fa-9b0b0fba-2ec2-11ed-bf4a-00b229732663.shtml;https://images2-torino.corriereobjects.it/methode_image/2022/09/07/Torino/Foto%20Torino%20-%20Trattate/Treno-kO6D-U33706107423460VF-656x492@Corriere-Web-Torino.JPG;0;0;0
57; Se il sindacato (ri)nasce “grazie” a Bezos. L’effetto-Amazon;2022-09-07 09:52:06;Negli Usa solo 14 milioni di lavoratori (pari al 10%) sono iscritti a una “Union”, ma il boom della share e della digital economy ha cambiato le cose. E ora, con la ribellione dell’ex dipendente Christian Smalls, potrebbe nascere una nuova era;Giuseppe Sarcina;Corriere;https://www.corriere.it/sette/attualita/22_settembre_07/se-sindacato-rinasce-grazie-bezos-l-effetto-amazon-98d8e6d6-284b-11ed-9e87-0dc36927f0ff.shtml;https://images2.corriereobjects.it/methode_image/2022/08/30/Sette/Foto%20Sette%20-%20Trattate/h_15676944-k8tG-U3370231871180vNC-656x492@Corriere-Web-Sezioni.jpg;0;0;0
58;Elena Vallortigara: «Lavoro a maglia per rilassarmi, mai fidanzati atleti e pochi social»;2022-09-07 09:48:01;Gli allenamenti a Siena, la passione per i cavalli, la volta che da piccola superò i 90 centimetri e quella oltre i 2 metri. La nuova altista racconta tutto: «Sara? Sa esserti vicina»;Manuela Croci;Corriere;https://www.corriere.it/sette/incontri/22_settembre_07/elena-vallortigara-lavoro-maglia-rilassarmi-mai-fidanzati-atleti-pochi-social-0e19878e-2932-11ed-91c7-dee004e78fda.shtml;https://images2.corriereobjects.it/methode_image/2022/08/31/Sette/Foto%20Sette%20-%20Trattate/GettyImages-1409793740-kakH-U3370285224307AE-656x492@Corriere-Web-Sezioni.jpg;0;0;0
59;Felicità e modelli di vita. Siete pentiti di avere avuto figli ?;2022-09-07 10:01:03;Secondo un sondaggio di YouGov (in 5 Paesi), sono gli italiani i più convinti di avere bambini. Ma è perché il tabù è più forte? I genitori sono mediamente meno soddisfatti della propria vita rispetto alle coppie no-kids ma l’effetto tende a scomparire quando si correggono i dati tenendo conto dei fattori economici.;Anna Meldolesi e Chiara Lalli;Corriere;https://www.corriere.it/sette/attualita/22_settembre_05/felicita-modelli-vita-siete-pentiti-avere-avuto-figli-18406e60-293e-11ed-91c7-dee004e78fda.shtml;https://images2.corriereobjects.it/methode_image/2022/08/31/Sette/Foto%20Sette%20-%20Trattate/4337.0.38143891-kH2G-U337028932915273H-656x492@Corriere-Web-Sezioni.jpg;0;0;0
60;Totò con la «cimice» fascista sul bavero? Dopo l’8 settembre rifiutò le proposte di Salò;2022-09-06 13:33:25;Il principe Antonio de Curtis probabilmente fu costretto dal regime ad appuntarsi quel distintivo sulla giacca: pagava le sue audaci prese in giro di Mussolini nel teatro di rivista. Anche se prove non ce ne sono;Ranieri Polese;Corriere;https://www.corriere.it/sette/cultura-societa/22_settembre_06/toto-la-cimice-fascista-bavero-l-8-settembre-rifiuto-proposte-salo-8bd8456e-2a92-11ed-8fa9-879da6ca29ec.shtml;https://images2.corriereobjects.it/methode_image/2022/09/02/Sette/Foto%20Sette%20-%20Trattate/totfascista-knk-u3370362568765tsh-656x492corriere-web-sezioni_master_ori_crop_MASTER__0x0.jpg;0;0;0
61;Chi è Kwasi Kwarteng, primo nero a diventare cancelliere dello Scacchiere in Gran Bretagna (che già punta a Downing Street);2022-09-07 17:13:27;Nominato dalla nuova premier Liz Truss (di cui è coetaneo e vicino di casa), Kwarteng ha già scritto la storia, perché è il primo nero a ricoprire la carica di ministro del Tesoro. Studi a Eton, Cambridge e Harvard, conosce latino, greco, francese, tedesco e italiano;Luigi Ippolito;Corriere;https://www.corriere.it/esteri/22_settembre_06/kwasi-kwarteng-b9c055b8-2e0f-11ed-aea6-eaa2f969967c.shtml;https://images2.corriereobjects.it/methode_image/2022/09/06/Esteri/Foto%20Esteri%20-%20Trattate/AFP_32HT3T7-k6m-U3370567309165IxD-656x492@Corriere-Web-Sezioni.jpg;0;0;0
62;Il Psg: «Noi in treno? Meglio i carri a vela». Polemica in Francia;2022-09-06 23:39:57;L’attaccante Mbappé e i suoi compagni di squadra ridono all’ipotesi di usare i Tgv invece dell’aereo. Un siparietto che ha irritato ambientalisti e governo ;Stefano Montefiori;Corriere;https://www.corriere.it/esteri/22_settembre_06/gli-sfotto-psg-irritano-francia-noi-treno-meglio-carri-vela-610790ae-2e18-11ed-aea6-eaa2f969967c.shtml;https://images2.corriereobjects.it/methode_image/2022/09/06/Esteri/Foto%20Esteri%20-%20Trattate/AFP_32HQ22D-k29-U3370569003173NmH-656x492@Corriere-Web-Sezioni.jpg;0;0;0
63;L’incredibile (e facilissima) fuga di «Fat Leonard», l’uomo che ha corrotto la Marina Usa;2022-09-07 13:21:31;«Leonard il grasso», imprenditore malaysiano, in affari per milioni di dollari con il Pentagono, aveva corrotto ammiragli e ufficiali con feste, viaggi, sigari e prostitute. Era stato arrestato grazie a una moglie sospettosa: ma è scappato dai domiciliari dopo essersi tagliato il braccialetto elettronico - e dopo aver «traslocato»;Guido Olimpio;Corriere;https://www.corriere.it/esteri/22_settembre_06/fat-leonard-94b9a18e-2df6-11ed-aea6-eaa2f969967c.shtml;https://images2.corriereobjects.it/methode_image/2022/09/06/Esteri/Foto%20Esteri%20-%20Trattate/Fat-Leonard-et-al-667x375-kCiH-U3370552942766ja-656x492@Corriere-Web-Sezioni.jpg;0;0;0
64;  «Pechino Express» al via, in chiaro su Tv8: da Rita Rusic a Ferrara e Cabello, tutte le coppie;2022-09-06 16:08:33;Disponibile dal 6 settembre anche per chi non ha l’abbonamento il reality show per la prima volta firmato Sky. Alla guida Costantino della Gherardesca;Redazione Spettacoli;Corriere;https://www.corriere.it/spettacoli/22_settembre_06/al-via-pechino-express-chiaro-tv8-rita-rusic-ferrara-cabello-tutte-coppie-f178f324-2dc5-11ed-aea6-eaa2f969967c.shtml;https://images2.corriereobjects.it/methode_image/2022/09/06/Spettacoli/Foto%20Spettacoli%20-%20Trattate/Clipboard-0004-kvLB-U3370541382976sGE-656x492@Corriere-Web-Sezioni.jpg;0;0;0
65;«The Serpent Queen», la storia segreta del regno di Caterina de’ Medici;2022-09-06 21:00:33;La serie in costume sarà disponibile per lo streaming dall’11 settembre su StarzPlay;Eva Cabras;Corriere;https://www.corriere.it/spettacoli/cinema-serie-tv/cards/the-serpent-queen-storia-segreta-regno-caterina-de-medici/personaggio_principale.shtml;https://images2.corriereobjects.it/methode_image/2022/09/05/Spettacoli/Foto%20Spettacoli%20-%20Trattate/queen1-cf-cropped-89-0-901-720_ori_crop_MASTER__0x0.jpg;0;0;0
66;«SuperTele» e  Pardo, un esperto che finge sregolatezza;2022-09-06 21:16:03;;;Corriere;https://www.corriere.it/spettacoli/22_settembre_06/supertele-pardo-esperto-che-finge-sregolatezza-17a512f6-2df0-11ed-aea6-eaa2f969967c.shtml;https://images2.corriereobjects.it/methode_image/2022/09/07/Spettacoli/Foto%20Spettacoli%20-%20Trattate/supertele-kQ6H-U3370553154761NuH-656x492@Corriere-Web-Sezioni.jpg;0;0;0
67;Daniele Bossari racconta la sua malattia: «Ho avuto un tumore alla gola, ho fatto mesi di chemio»;2022-09-06 15:33:08;«A volte bisogna attraversare il dolore per comprendere la felicità. Ora lo so bene», scrive il conduttore in una lunga riflessione sui social;Redazione Spettacoli;Corriere;https://www.corriere.it/spettacoli/22_settembre_05/daniele-bossari-parla-malattia-ho-avuto-tumore-gola-ho-fatto-mesi-chemio-0a9b0e94-2cfb-11ed-82e8-8adda605a86c.shtml;https://images2.corriereobjects.it/methode_image/2022/09/05/Spettacoli/Foto%20Spettacoli%20-%20Trattate/bossari-kxoB-U33704908014824qH-656x492@Corriere-Web-Sezioni.JPG;0;0;0
68;Natalia Estrada: «I miei primi 50 anni: oggi vivo tra ranch e cavalli. Tornare in tv? No, basta distrazioni»;2022-09-06 12:40:21;Classe 1972, icona anni Novanta, quando imperversava al cinema e in tv (anche assieme a Giorgio Mastrota), Natalia Estrada oggi compie cinquant’anni e fa un bilancio: «Sono nonna di due nipoti, vivo senza schemi. Nella buona cucina, tra cavalli e musica country, ho trovato la mia dimensione. Il ritorno in tv? È finito il tempo delle distrazioni»;Chiara Amati;Corriere;https://www.corriere.it/cook/news/22_settembre_03/natalia-estrada-miei-primi-50-anni-fuori-schemi-buon-cibo-cavalli-musica-country-fe29e8d8-2b5b-11ed-b268-2b12bb5640dc.shtml;https://images2.corriereobjects.it/methode_image/2022/09/03/Cucina/Foto%20Cucina%20-%20Trattate/PHOTO-2022-08-31-07-25-17-kYAH-U3370405986946h9F-656x492@Corriere-Web-Sezioni.jpg;0;0;0
69;Roma, le 10 migliori trattorie da provare secondo la Guida Michelin;2022-09-05 10:48:08;Veraci e informali, le osterie della Capitale sono il luogo in cui scoprire la cucina tradizionale (romana e non solo). Ecco quelle consigliate dalla Rossa;Federica Maccotta;Corriere;https://www.corriere.it/cook/news/cards/roma-10-migliori-trattorie-provare-secondo-guida-michelin/migliori-trattorie-roma-secondo-guida-michelin_principale.shtml;https://images2.corriereobjects.it/methode_image/2022/09/04/Cucina/Foto%20Cucina%20-%20Trattate/trattoria-U31402250702814CxC--656x492@Corriere-Web-Nazionale.jpg;0;0;0
70; Pasta a fuoco spento? La cottura passiva di Parisi che non piace agli chef (né al web);2022-09-07 10:43:55;L’idea di cuocere la pasta a fuoco spento dello scienziato premio Nobel non è stata accolta con entusiasmo: dallo chef Antonello Colonna che fa notare che così può diventare «gommosa», agli utenti dei social uniti nel sottolineare che «la pasta non si tocca», ecco tutte le critiche;Fabiana Salsi;Corriere;https://www.corriere.it/cook/news/22_settembre_06/pasta-fuoco-spento-cottura-passiva-parisi-che-non-piace-chef-ne-web-1a6ec224-2dc4-11ed-aea6-eaa2f969967c.shtml;https://images2.corriereobjects.it/methode_image/2022/09/06/Cucina/Foto%20Cucina%20-%20Trattate/cook-obb-kU0F--656x492@Corriere-Web-Sezioni.jpg;0;0;0
71;Che ruolo ha la cucina nella vita delle donne? La ricerca in vista di «Women in Food»;2022-09-04 12:26:14;Fino al 18 settembre il pubblico femminile tra i 18 e i 30 anni è invitato a partecipare alla ricerca condotta dall’Università Milano-Bicocca in collaborazione con Cook: i dati verranno rivelati a Women in Food, l’evento del 28-29 settembre che riunisce le professioniste del settore. Cucinare equivale a gestire il focolare domestico o può essere anche un mezzo di emancipazione e successo?;Benedetta Moro;Corriere;https://www.corriere.it/cook/news/22_settembre_04/che-ruolo-ha-cucina-vita-donne-ricerca-vista-women-food-db2eb4ec-2b94-11ed-b268-2b12bb5640dc.shtml;https://images2.corriereobjects.it/methode_image/2022/09/03/Cucina/Foto%20Cucina%20-%20Trattate/donna%20cucina%202-ksXE-U3370419929960lDF-656x492@Corriere-Web-Sezioni.jpg;0;0;0
72;Champions League, dove vedere Inter-Bayern e Napoli-Liverpool;2022-09-07 11:54:21;Si conclude la prima giornata della fase a gironi con due big match che coinvolgono le italiane;Salvatore Riggio;Corriere;https://www.corriere.it/sport/calcio/champions-league/22_settembre_07/champions-dove-vedere-inter-bayern-napoli-liverpool-07bd6d9e-2e08-11ed-aea6-eaa2f969967c.shtml;https://images2.corriereobjects.it/methode_image/2022/09/06/Sport/Foto%20Sport%20-%20Trattate/1421303028-kK3C-U337056493769031C-656x492@Corriere-Web-Sezioni.jpg;0;0;0
73;L’analisi di Sconcerti: Juventus, con il Psg non era impossibile. Al Milan serve un salto mentale ;2022-09-07 09:14:43;La Juve non è tornata, non molto cattiva, non ancora convinta, ma ha tenuto il campo e spaventato l’avversario. Il Milan stranamente impreciso, la differenza in campo c’era,ma forse deve convincersi di essere grande ;Mario Sconcerti;Corriere;https://www.corriere.it/sport/calcio/champions-league/22_settembre_07/sconcerti-juventus-psgmilan-dd274e96-2e2b-11ed-aea6-eaa2f969967c.shtml;https://images2.corriereobjects.it/methode_image/2022/09/06/Sport/Foto%20Sport%20-%20Trattate/AFP_32HT7KU-kJ9B-U3370576730480wDB-656x492@Corriere-Web-Sezioni.jpg;0;0;0
74;Mense, palestre e tempo pieno, così la scuola non lascia indietro nessuno. La proposta di Save the Children;2022-09-07 14:19:12;Che cosa serve alla scuola del Dopo-Dad? L’analisi dell’associazione che denuncia: troppi studenti a rischio di lasciare la scuola. Servono investimenti nelle aree a rischio e al Sud;Redazione Scuola;Corriere;https://www.corriere.it/scuola/rientro-a-scuola/notizie/mense-palestre-tempo-pieno-cosi-scuola-non-lascia-indietro-nessuno-proposta-save-the-children-e32600b0-2dd8-11ed-aea6-eaa2f969967c.shtml;https://images2.corriereobjects.it/methode_image/2022/09/06/Cultura/Foto%20Cultura%20-%20Trattate/stc-kyEG-U3370549034382VFB-656x492@Corriere-Web-Sezioni.jpg;0;0;0
75;Caro bollette, il rapporto Ocse: studenti italiani terzultimi nel risparmio energetico;2022-09-06 11:31:49;Colpa di una molteplicità di fattori: pesano le scarse competenze scientifiche dei 15enni italiani rispetto ai loro coetanei degli altri Paesi, il poco spazio dato ai temi ambientali a scuola e in famiglia ;di Gianna Fregonara e Orsola Riva;Corriere;https://www.corriere.it/scuola/rientro-a-scuola/cards/caro-bollette-rapporto-ocse-studenti-italiani-terzultimi-risparmio-energetico/emergenza-gas-clima-adolescenti-italiani-poco-interessati_principale.shtml;https://images2.corriereobjects.it/methode_image/2022/08/30/Cultura/Foto%20Cultura%20-%20Trattate/eoli-kIvG-U33702444631665ID-656x492@Corriere-Web.jpg;0;0;0
76;Scuola, che senso hanno gli esami a settembre nel 2022? ;2022-09-06 16:40:34;I fondi per i corsi di riparazione sono pochi e le famiglie spesso sono costrette a pagare costose ripetizioni private che non sempre bastano a evitare la bocciatura finale. Di qui la marea di ricorsi alla giustizia amministrativa;Marco Ricucci*;Corriere;https://www.corriere.it/scuola/rientro-a-scuola/notizie/scuola-che-senso-hanno-esami-settembre-2022-03bb0f16-2deb-11ed-aea6-eaa2f969967c.shtml;https://images2.corriereobjects.it/methode_image/2022/09/06/Cultura/Foto%20Cultura%20-%20Trattate/recupero-k23H-U3370554084407l6F-656x492@Corriere-Web-Sezioni.jpg;0;0;0
77;Apertura, un varco che ci rivela un’infinita serie di possibilità;2022-09-06 19:49:11;E un mondo concreto fatto di passioni, curiosità e piccoli gesti quotidiani, da una porta che si spalanca all’anno scolastico che comincia;Paolo Fallai;Corriere;https://www.corriere.it/scuola/22_settembre_06/apertura-varco-che-ci-rivela-un-infinita-serie-possibilita-3b29ef06-2de3-11ed-aea6-eaa2f969967c.shtml;https://images2.corriereobjects.it/methode_image/2022/09/06/Cultura/Foto%20Cultura%20-%20Trattate/apertura-k8UG-U3370552141045pLG-656x492@Corriere-Web-Sezioni.jpg;0;0;0
78;Sul Corriere Salute: come si cura l’alluce valgo oggi ;2022-09-07 18:28:15;È un problema che riguarda più di una persona adulta su cinque nel nostro Paese. Il rimedio definitivo rimane la chirurgia, ma prima sono possibili diversi trattamenti. Se ne parla nel Corriere Salute in edicola giovedì;Anna Fregonara;Corriere;https://www.corriere.it/salute/muscoli-ossa-articolazioni/22_settembre_07/sul-corriere-salute-come-si-cura-l-alluce-valgo-oggi-220f7592-2acb-11ed-8fa9-879da6ca29ec.shtml;https://images2.corriereobjects.it/methode_image/2022/09/02/Salute/Foto%20Salute%20-%20Trattate/DOSSIER%20DISTURBI%20NEUROSVILUPPO%20%20COVER-1-kUTH-U3370379662953C6F-656x492@Corriere-Web-Sezioni.jpg;0;0;0
79;La felicità di un popolo non cresce con il Pil (ma con le politiche di welfare);2022-09-07 17:28:42;Studio sul benessere degli abitanti in dieci Paesi europei. Al vertice c’è la Spagna, cresciuta di quasi un punto. Seconda l’Italia, con mezzo punto in più;Chiara Daina;Corriere;https://www.corriere.it/salute/neuroscienze/22_settembre_07/felicita-popolo-welfare-1923f390-2d2d-11ed-82e8-8adda605a86c.shtml;https://images2.corriereobjects.it/methode_image/2022/09/05/Salute/Foto%20Salute%20-%20Trattate/felice-kxFI-U337050823374560E-656x492@Corriere-Web-Sezioni.jpg;0;0;0
80;Il monito del cardinal Zuppi: «Il voto? Libertà di coscienza. E si deve ripartire dai poveri»;2022-09-06 22:25:57;Il cardinale, presidente della Cei, riflette sulla situazione politica e sociale. L’appello al voto, la difesa del metodo di collaborazione. «Combattiamo ogni povertà»;Elisabetta Soglio;Corriere;https://www.corriere.it/buone-notizie/22_settembre_05/cardinal-zuppi-voto-liberta-coscienza-194b4c10-2bd4-11ed-b268-2b12bb5640dc.shtml;https://images2.corriereobjects.it/methode_image/2022/09/04/BuoneNotizie/Foto%20BuoneNotizie%20-%20Trattate/02-kjyF-U3370438024835HMG-656x492@Corriere-Web-Sezioni.jpg;0;0;0
81;Il gioielliere Fabio Salini: «Le mie creazioni all’asta per i piccoli malati»;2022-09-06 22:32:41;Sono 53 gioielli, per un valore di 2 milioni e mezzo di euro. E il loro creatore, il gioielliere romano Fabio Salini, li mette all’asta con Sotheby’s a beneficio della fondazione «Make a Wish» che realizza i desideri dei bambini in situazioni di malattia o difficoltà;Peppe Aquaro;Corriere;https://www.corriere.it/buone-notizie/22_settembre_06/gioielliere-fabio-salini-le-mie-creazioni-all-asta-piccoli-malati-492b4ee0-2df4-11ed-aea6-eaa2f969967c.shtml;https://images2.corriereobjects.it/methode_image/2022/09/06/BuoneNotizie/Foto%20BuoneNotizie%20-%20Trattate/Fabio%20Salini%20ok-kWF-U3370557453662DTH-656x492@Corriere-Web-Sezioni.jpg;0;0;0
82;Una partita con lotteria benefica per rimediare a un gol «rubato» 50 anni prima ;2022-09-06 22:37:11;Il protagonista si chiama Graeme Jones, il senso di colpa per pareggio irregolare all’ultimo minuto segnato 50 anni fa in una partita tra ragazzini lo ha indotto a rintracciare tutti i giocatori ancora in vita e a ripetere l’incontro (finito stavolta con una sconfitta) abbinandolo a una lotteria benefica.;Redazione Buone Notizie;Corriere;https://www.corriere.it/buone-notizie/22_settembre_06/partita-lotteria-benefica-rimediare-un-gol-rubato-50-anni-prima-9194ad5c-2de0-11ed-aea6-eaa2f969967c.shtml;https://images2.corriereobjects.it/methode_image/2022/09/06/BuoneNotizie/Foto%20BuoneNotizie%20-%20Trattate/soccer-football-teams-50-years-ago-and-today-SWNS-k0FI-U33705510401524KE-656x492@Corriere-Web-Sezioni.jpg;0;0;0
83;Dal monte incantato di Erice alle viuzze di Torre di Palme. È l’Italia segreta dei borghi;2022-09-05 05:39:20;Il nostro Paese è ricchissimo di angoli da scoprire: gioielli di storie, arte e cultura spesso però dimenticati. Da Castellaro Lagusello a Troina, attraverso Monte San’Angelo, meta di fedeli;Redazione Buone Notizie;Corriere;https://www.corriere.it/buone-notizie/cards/dal-monte-incantato-erice-viuzze-torre-palme-l-italia-segreta-borghi/borghi-gioielli-nascosti-spesso-trascurati_principale.shtml;https://images2.corriereobjects.it/methode_image/2022/08/24/BuoneNotizie/Foto%20BuoneNotizie%20-%20Trattate/erice2-k9GH-U33602173237829zuE-656x492@Corriere-Web-Sezioni.jpg;0;0;0
84; Il mar Mediterraneo invaso da 200 specie esotiche in 130 anni: l’allarme del Cnr;2022-09-05 10:33:59;La causa è cambiamento climatico ma anche l’uomo in modo diretto;Silvia Morosi;Corriere;https://www.corriere.it/animali/22_settembre_05/mar-mediterraneo-invaso-200-specie-esotiche-130-anni-l-allarme-cnr-01d30eae-2cee-11ed-82e8-8adda605a86c.shtml;https://images2.corriereobjects.it/methode_image/2022/09/05/Scienze/Foto%20Scienze%20-%20Trattate/Siganus_luridus_Pterois_miles_foto_E_Azzurro_2-kfPC-U33704871415312rB-656x492@Corriere-Web-Sezioni.jpg;0;0;0
85;«I cosmetici restino cruelty free». La richiesta di un milione di cittadini Ue;2022-09-01 19:15:08;La mobilitazione lanciata dalle associazioni animaliste e da alcune aziende del settore per evitare un dietrofront indiretto sul bando alla sperimentazione animale in vigore dal 2004 ;Alessandro Sala;Corriere;https://www.corriere.it/animali/22_agosto_30/i-cosmetici-restino-cruelty-free-richiesta-un-milione-cittadini-ue-f5084f1a-2868-11ed-9e87-0dc36927f0ff.shtml;https://images2.corriereobjects.it/methode_image/2022/08/30/Scienze/Foto%20Scienze%20-%20Trattate/GettyImages-873899690-kCuH-U3370237927939xOD-656x492@Corriere-Web-Sezioni.jpg;0;0;0
86;L’otocione Moa trasferita da Bergamo alla Normandia per continuare la specie;2022-09-01 19:22:46;L’animale, nato a dicembre scorso, è partito dal Parco Faunistico Le Cornelle per andare a formare una coppia con un maschio ospitato dallo zoo francese;Silvia Morosi;Corriere;https://www.corriere.it/animali/22_agosto_23/otocione-moa-trasferita-bergamo-normandia-continuare-specie-1c7d0c78-22c1-11ed-afec-857596927b11.shtml;https://images2.corriereobjects.it/methode_image/2022/08/23/Scienze/Foto%20Scienze%20-%20Trattate/3.Otocioni_22.08.22-kWxC-U33602119785283NLF-656x492@Corriere-Web-Sezioni.JPG;0;0;0
87;Arriva la Barbie ispirata a Jane Goodall, l’etologa inglese nota per gli studi sugli scimpanzé;2022-07-15 18:28:11;La scienziata: «Non tutte le ragazze vogliono essere star di Hollywood». Il giocattolo realizzato in plastica riciclata;Silvia Morosi;Corriere;https://www.corriere.it/animali/22_luglio_14/arriva-barbie-jane-goodall-l-etologa-inglese-nota-gli-studi-scimpanze-53336f66-0343-11ed-8009-0c35e39ec03f.shtml;https://images2.corriereobjects.it/methode_image/2022/07/14/Scienze/Foto%20Scienze%20-%20Trattate/c00710727da7a946e346e829505b68b0-kIAE-U33603359979470eE-656x492@Corriere-Web-Sezioni.jpg;0;0;0
88;Fenomeno DR 5.0: l’auto molisana è terza tra le crossover, regina del gpl. Le caratteristiche ;2022-09-06 10:42:51;La vettura assemblata a Isernia è sempre più protagonista sul mercato italiano: con le 1.540 unità immatricolate in agosto è salita ai vertici delle classifiche. Portando la Casa, insieme ai modelli Evo, a un sorprendente 2,92 per cento di quota;Maurizio Bertera;Corriere;https://www.corriere.it/motori/news/cards/fenomeno-dr-50-l-auto-molisana-terza-le-crossover-regina-gpl-caratteristiche/crescita-costante_principale.shtml;https://images2.corriereobjects.it/methode_image/2022/09/04/Motori/Foto%20Motori%20-%20Trattate/dr-5-0-2020-03_17-cf-cropped-0-84-1600-900-ku6D--656x492@Corriere-Web-Sezioni.jpg;0;0;0
89;Spider e cabrio, una passione senza tempo. Ecco dieci  leggendarie «scoperte» ;2022-09-02 13:48:38;Se ne vendono sempre meno, ma cabrio e spider regalano emozioni, viaggiando a contatto con il cielo. Una selezione di auto entrate nella storia che, non a caso, sono regolarmente super quotate alle aste;Maurizio Bertera;Corriere;https://www.corriere.it/motori/news/cards/spider-cabrio-passione-senza-tempo-ecco-dieci-leggendarie-scoperte/cabriolet-eo-spider_principale.shtml;https://images2.corriereobjects.it/methode_image/2022/08/22/Motori/Foto%20Motori%20-%20Trattate/ferrari-ke0--656x492@Corriere-Web-Sezioni.JPG;0;0;0
90;In Norvegia clienti Tesla fanno lo sciopero della fame contro Elon Musk;2022-09-06 10:43:37;Apparentemente infuriati per la scarsa qualità costruttiva, alcuni proprietari di Tesla hanno voluto in questo modo attirare l’attenzione di Elon Musk;Andrea Paoletti;Corriere;https://www.corriere.it/motori/mobilita-sostenibile/22_settembre_01/norvegia-clienti-tesla-fanno-sciopero-fame-contro-elon-musk-b702da9c-2a01-11ed-8963-d54a3aeaa2d9.shtml;https://images2.corriereobjects.it/methode_image/2022/09/01/Motori/Foto%20Motori%20-%20Trattate/FbMjxcSUEAAoSXo-khqE--656x492@Corriere-Web-Sezioni.jpg;0;0;0
91;L auto italiana più potente di sempre non è una Lamborghini e nemmeno una Ferrari. Ecco la Pininfarina Battista;2022-08-05 10:51:56;La Pininfarina Battista, hypercar realizzata a Cambiano, in Italia, è entrata da poco in produzione. Solo 150 esemplari per la super sportiva da 1900 CV, con un livello di personalizzazione estremo;Andrea Paoletti;Corriere;https://www.corriere.it/motori/news/22_agosto_04/auto-italiana-piu-potente-sempre-non-lamborghini-nemmeno-ferrari-ecco-pininfarina-battista-58260028-02cc-11ed-a0cc-ad3c68cacbae.shtml;https://images2.corriereobjects.it/methode_image/2022/07/13/Motori/Foto%20Motori%20-%20Trattate/Pininfarina-Battista-18-1200x900-kpFH--656x492@Corriere-Web-Sezioni.jpg;0;0;0
92;Gemelli da romanzo, da Plauto e noi:  il focus nell’App de «la Lettura»;2022-09-07 19:18:03;Extra digitale: la narrativa che racconta la fratellanza «doppia». Nel numero in edicola e App, due sorelle identiche protagoniste di una graphic novel;Redazione Cultura;Corriere;https://www.corriere.it/la-lettura/22_settembre_02/usa-russia-cina-tre-imperi-bivio-la-lettura-anteprima-nell-app-e277e1ac-2ad0-11ed-8fa9-879da6ca29ec.shtml;https://images2.corriereobjects.it/methode_image/2022/09/02/Cultura/Foto%20Cultura%20-%20Trattate/massimocaccia-kqCG-U3370377492129sTG-656x492@Corriere-Web-Nazionale.jpg;0;0;0
93;Morta  Mariella Mehr, poetessa ribelle della Svizzera;2022-09-06 21:06:50;Scomparsa a 74 anni l’autrice di famiglia nomade che denunciò la violenta «rieducazione» governativa;PAOLO DI STEFANO;Corriere;https://www.corriere.it/cultura/22_settembre_06/morta-mariella-mehr-poetessa-ribelle-svizzera-2f44cb3e-2e10-11ed-aea6-eaa2f969967c.shtml;https://images2.corriereobjects.it/methode_image/2022/09/06/Cultura/Foto%20Cultura%20-%20Trattate/MEHR-kV5E-U3370565324993gSB-656x492@Corriere-Web-Sezioni.jpg;0;0;0
94;Il Campiello 2022 Bernardo Zannoni: «Se non scrivo? Riparo barche»;2022-09-05 00:21:55;Il premiato più giovane di sempre (27 anni) racconta il percorso che l’ha portato al romanzo e l’amore per la scrittura. «Leggere è mettere l’anima a bollore»;MARISA FUMAGALLI;Corriere;https://www.corriere.it/cultura/22_settembre_04/campiello-2022-bernardo-zannoni-se-non-scrivo-riparo-barche-0253b7c6-2c66-11ed-a881-0468ff338f41.shtml;https://images2.corriereobjects.it/methode_image/2022/09/04/Cultura/Foto%20Cultura%20-%20Trattate/19127310-kOuG-U3370462964936ZGI-656x492@Corriere-Web-Sezioni.jpg;0;0;0
95;Casa Berto, l’«Estate» parte l’8 settembre: un motore culturale;2022-09-06 21:24:01;Torna la rassegna dedicata al narratore: incontri da giovedì 8 a domenica 11 settembre. E quest’anno ospita per la prima volta anche il premio letterario;IDA BOZZI;Corriere;https://www.corriere.it/cultura/22_settembre_06/casa-berto-l-estate-parte-l-8-settembre-motore-culturale-8343ec04-2dbd-11ed-aea6-eaa2f969967c.shtml;https://images2.corriereobjects.it/methode_image/2022/09/06/Cultura/Foto%20Cultura%20-%20Trattate/EaCBerTommaso_Pugliese-kaQD-U3370536172625GvB-656x492@Corriere-Web-Sezioni.jpeg;0;0;0
96;Ferretti Group a Cannes con uno yacht (Riva) 100% elettrico: in arrivo nel 2023;2022-09-07 16:28:24;Il gruppo Ferretti si presenta a Cannes con una flotta di 25 yacht, tra cui un modello del brand Riva full electric. L’ad Galassi: «El-Iseo sul mercato quando sarà perfetto, dopo i veri crash test»;Alessia Conzonato;Corriere;https://www.corriere.it/economia/aziende/nautica/22_settembre_07/ferretti-group-cannes-uno-yacht-riva-100percento-elettrico-arrivo-2023-f45a9332-2e7d-11ed-bf4a-00b229732663.shtml;https://images2.corriereobjects.it/methode_image/2022/09/07/Economia/Foto%20Economia%20-%20Trattate/Flotta%20FG%20CYF%202022-kh3G-U3370586454645wpD-656x492@Corriere-Web-Sezioni.jpg;0;0;0
97;La nautica rinasce dopo la pandemia: per Ferretti Group ordini pari a 1,3 miliardi;2022-09-07 16:31:03;Il primo semestre 2022 il gruppo Ferretti evidenzia ricavi pari a 534 milioni di euro (+17% sul 2021), utile a 29,9 milioni. In soli due mesi ha raccolto ordini per 300 milioni di euro;Antonio Macaluso;Corriere;https://www.corriere.it/economia/aziende/nautica/22_settembre_07/nautica-rinasce-la-pandemia-ferretti-group-ordini-pari-13-miliardi-92c210e4-2eb1-11ed-bf4a-00b229732663.shtml;https://images2.corriereobjects.it/methode_image/2022/09/07/Economia/Foto%20Economia%20-%20Trattate/ehoif-ksK-U3370605168426XKC-656x492@Corriere-Web-Sezioni.jpg;0;0;0
98;Test di Medicina, ecco perché potrebbe essere l’ultimo: i partiti che vogliono abolirlo;2022-09-07 17:53:53;Per far fronte alla carenza di personale medico, il numero chiuso per Medicina entra nel dibattito politico in vista delle elezioni: Lega e Fratelli d’Italia d’accordo sull’abolizione, Pd incerto;Alessandro Bergonzi;Corriere;https://www.corriere.it/economia/lavoro/22_settembre_07/test-medicina-ecco-perche-potrebbe-essere-l-ultimo-partiti-che-vogliono-abolirlo-94d2531e-2dc4-11ed-aea6-eaa2f969967c.shtml;https://images2.corriereobjects.it/methode_image/2022/09/06/Economia/Foto%20Economia%20-%20Trattate/15520017-kfNC-U3370538201616RjH-656x492@Corriere-Web-Sezioni.jpg;0;0;0
99;Vela, Maxi Yacht e Swan: lo spettacolo delle regate delle Rolex Cup a Porto Cervo ;2022-09-06 17:45:12;La flotta dei maxi yacht in regata sulle 35 miglia che da Porto Cervo portano alle isole di Caprera e della Maddalena;Antonio Macaluso;Corriere;https://www.corriere.it/economia/aziende/nautica/22_settembre_06/vela-maxi-yacht-swan-10-18-settembre-rolex-cup-porto-cervo-d2882334-2db8-11ed-aea6-eaa2f969967c.shtml;https://images2.corriereobjects.it/methode_image/2022/09/06/Economia/Foto%20Economia%20-%20Trattate/Clipboard-kncE-U3370535578675m6B-656x492@Corriere-Web-Sezioni.jpg;0;0;0
